0,02.02.2020.,sadadkslj
1,24.06.2020.,Pozdravi
2,23.06.2020.,Fidbek
2,02.02.2020.,SAlkjdskjalsk sdklja sdlkjsd lkjds askldj skljlkj  kjkj.
2,02.02.2020.,SAlkjdskjalsk sdklja sdlkjsd lkjds askldj skljlkj  kjkj.
2,02.02.2020.,SAlkjdskjalsk sdklja sdlkjsd lkjds askldj skljlkj  kjkj.
2,02.02.2020.,SAlkjdskjalsk sdklja sdlkjsd lkjds askldj skljlkj  kjkj.
2,02.02.2020.,SAlkjdskjalsk sdklja sdlkjsd lkjds askldj skljlkj  kjkj.
2,02.02.2020.,SAlkjdskjalsk sdklja sdlkjsd lkjds askldj skljlkj  kjkj.
2,02.02.2020.,SAlkjdskjalsk sdklja sdlkjsd lkjds askldj skljlkj  kjkj.
2,02.02.2020.,SAlkjdskjalsk sdklja sdlkjsd lkjds askldj skljlkj  kjkj.
2,02.02.2020.,SAlkjdskjalsk sdklja sdlkjsd lkjds askldj skljlkj  kjkj.
2,02.02.2020.,SAlkjdskjalsk sdklja sdlkjsd lkjds askldj skljlkj  kjkj.
2,02.02.2020.,SAlkjdskjalsk sdklja sdlkjsd lkjds askldj skljlkj  kjkj.
2,02.02.2020.,SAlkjdskjalsk sdklja sdlkjsd lkjds askldj skljlkj  kjkj.
2,02.02.2020.,SAlkjdskjalsk sdklja sdlkjsd lkjds askldj skljlkj  kjkj.
